name,trainer,Analytic_W1,Independent_W1,Determined_W1,Professional_W1,Studious_W1,Imaginative_W1,Analytic_W2,Independent_W2,Determined_W2,Professional_W2,Studious_W2,Imaginative_W2,Analytic_W3,Independent_W3,Determined_W3,Professional_W3,Studious_W3,Imaginative_W3,Analytic_W4,Independent_W4,Determined_W4,Professional_W4,Studious_W4,Imaginative_W4,Analytic_W5,Independent_W5,Determined_W5,Professional_W5,Studious_W5,Imaginative_W5,Analytic_W6,Independent_W6,Determined_W6,Professional_W6,Studious_W6,Imaginative_W6,Analytic_W7,Independent_W7,Determined_W7,Professional_W7,Studious_W7,Imaginative_W7,Analytic_W8,Independent_W8,Determined_W8,Professional_W8,Studious_W8,Imaginative_W8,Analytic_W9,Independent_W9,Determined_W9,Professional_W9,Studious_W9,Imaginative_W9,Analytic_W10,Independent_W10,Determined_W10,Professional_W10,Studious_W10,Imaginative_W10
Pyotr De Zuani,Trixie Orange,1,3,4,2,2,2,3.0,1.0,3.0,6.0,2.0,6.0,1.0,2.0,2.0,2.0,1.0,1.0,,,,,,,,,,,,,,,,,,,,,,,,,,,,,,,,,,,,,,,,,,
Vince Scott,Trixie Orange,1,1,4,3,3,4,3.0,4.0,2.0,2.0,2.0,1.0,1.0,4.0,5.0,2.0,3.0,3.0,8.0,5.0,7.0,6.0,5.0,4.0,3.0,8.0,7.0,8.0,7.0,8.0,5.0,8.0,7.0,1.0,6.0,4.0,8.0,8.0,8.0,7.0,8.0,8.0,8.0,8.0,8.0,8.0,8.0,8.0,,,,,,,,,,,,
Kellie Althorp,Trixie Orange,3,4,1,1,5,2,2.0,3.0,2.0,6.0,3.0,4.0,1.0,2.0,1.0,4.0,1.0,7.0,5.0,1.0,4.0,2.0,4.0,8.0,6.0,8.0,5.0,5.0,7.0,7.0,8.0,5.0,7.0,6.0,4.0,4.0,8.0,6.0,6.0,8.0,5.0,8.0,3.0,7.0,8.0,8.0,8.0,6.0,,,,,,,,,,,,
Aida Bothams,Trixie Orange,4,2,2,3,3,1,7.0,6.0,3.0,1.0,1.0,1.0,4.0,2.0,2.0,1.0,4.0,1.0,3.0,7.0,8.0,8.0,4.0,7.0,2.0,6.0,4.0,7.0,1.0,3.0,4.0,4.0,4.0,3.0,5.0,8.0,8.0,8.0,8.0,8.0,6.0,8.0,8.0,8.0,8.0,8.0,8.0,8.0,,,,,,,,,,,,
Nettie Civitillo,Trixie Orange,5,4,3,1,1,6,2.0,5.0,2.0,2.0,1.0,2.0,1.0,2.0,3.0,3.0,3.0,3.0,5.0,8.0,5.0,2.0,8.0,5.0,4.0,5.0,8.0,6.0,7.0,5.0,4.0,3.0,2.0,5.0,8.0,8.0,8.0,8.0,7.0,6.0,6.0,6.0,8.0,8.0,8.0,7.0,3.0,7.0,,,,,,,,,,,,
Bernadette Gerardi,Trixie Orange,6,1,3,2,2,3,2.0,5.0,4.0,1.0,4.0,3.0,1.0,4.0,1.0,3.0,5.0,2.0,5.0,8.0,8.0,5.0,5.0,7.0,8.0,8.0,7.0,8.0,3.0,8.0,1.0,8.0,5.0,8.0,8.0,2.0,7.0,8.0,8.0,7.0,8.0,7.0,8.0,8.0,8.0,8.0,8.0,8.0,,,,,,,,,,,,
Teddy Ham,Trixie Orange,4,4,2,1,4,1,4.0,4.0,5.0,3.0,4.0,2.0,3.0,3.0,3.0,4.0,4.0,8.0,5.0,2.0,5.0,3.0,3.0,7.0,5.0,6.0,4.0,8.0,1.0,8.0,4.0,6.0,6.0,2.0,6.0,7.0,8.0,7.0,8.0,8.0,7.0,5.0,8.0,7.0,8.0,8.0,8.0,8.0,,,,,,,,,,,,
Ivory Linnemann,Trixie Orange,2,1,3,1,3,4,1.0,3.0,1.0,4.0,2.0,1.0,4.0,1.0,2.0,4.0,4.0,6.0,4.0,8.0,1.0,7.0,6.0,7.0,4.0,7.0,7.0,6.0,4.0,8.0,8.0,8.0,2.0,3.0,8.0,7.0,7.0,8.0,8.0,8.0,8.0,8.0,8.0,8.0,8.0,8.0,8.0,7.0,,,,,,,,,,,,
Onida Tregear,Trixie Orange,6,3,1,5,2,2,5.0,2.0,5.0,1.0,6.0,4.0,3.0,2.0,1.0,2.0,5.0,4.0,8.0,3.0,8.0,7.0,8.0,3.0,8.0,8.0,4.0,8.0,3.0,8.0,8.0,2.0,3.0,3.0,6.0,8.0,8.0,2.0,8.0,7.0,8.0,8.0,8.0,8.0,8.0,8.0,8.0,8.0,,,,,,,,,,,,
Jacki Pinkstone,Trixie Orange,2,1,2,2,4,2,4.0,1.0,4.0,3.0,2.0,1.0,2.0,2.0,3.0,3.0,5.0,3.0,4.0,3.0,6.0,8.0,5.0,3.0,3.0,1.0,5.0,5.0,7.0,5.0,5.0,6.0,3.0,4.0,8.0,4.0,6.0,8.0,8.0,8.0,5.0,8.0,7.0,8.0,8.0,8.0,8.0,5.0,,,,,,,,,,,,
Kaleb Cappel,Trixie Orange,4,5,5,4,1,3,4.0,3.0,1.0,2.0,3.0,2.0,5.0,3.0,1.0,4.0,1.0,3.0,8.0,1.0,7.0,8.0,4.0,8.0,5.0,5.0,7.0,6.0,8.0,4.0,2.0,4.0,4.0,5.0,8.0,4.0,8.0,8.0,8.0,8.0,8.0,7.0,8.0,8.0,8.0,5.0,6.0,8.0,,,,,,,,,,,,
Gussy Mathias,John Sandbox,6,3,2,4,5,6,6.0,2.0,7.0,6.0,1.0,2.0,3.0,5.0,3.0,1.0,3.0,2.0,6.0,6.0,5.0,1.0,5.0,3.0,7.0,7.0,8.0,3.0,3.0,8.0,6.0,8.0,2.0,8.0,3.0,2.0,6.0,8.0,5.0,8.0,8.0,8.0,4.0,8.0,5.0,8.0,6.0,8.0,8.0,8.0,8.0,5.0,8.0,4.0,8.0,8.0,8.0,8.0,6.0,8.0
Shawn Bowmer,John Sandbox,8,2,2,1,3,5,1.0,2.0,2.0,1.0,8.0,3.0,1.0,5.0,2.0,2.0,1.0,1.0,4.0,7.0,6.0,4.0,6.0,8.0,8.0,8.0,4.0,7.0,6.0,4.0,7.0,8.0,4.0,5.0,4.0,5.0,8.0,8.0,7.0,8.0,8.0,8.0,8.0,8.0,8.0,8.0,8.0,8.0,8.0,8.0,7.0,7.0,8.0,7.0,8.0,7.0,8.0,8.0,8.0,8.0
Arda Disbrow,John Sandbox,2,2,4,2,2,4,5.0,3.0,5.0,2.0,1.0,1.0,7.0,6.0,1.0,3.0,4.0,2.0,6.0,7.0,7.0,4.0,5.0,6.0,8.0,4.0,4.0,4.0,8.0,6.0,8.0,7.0,8.0,5.0,7.0,8.0,5.0,6.0,8.0,8.0,5.0,8.0,7.0,8.0,8.0,8.0,5.0,8.0,6.0,8.0,3.0,8.0,8.0,8.0,8.0,8.0,8.0,8.0,8.0,8.0
El Durante,John Sandbox,2,2,5,4,3,1,3.0,5.0,3.0,2.0,3.0,1.0,3.0,4.0,2.0,1.0,2.0,4.0,8.0,8.0,8.0,6.0,4.0,8.0,8.0,2.0,6.0,2.0,6.0,3.0,7.0,7.0,2.0,8.0,3.0,8.0,8.0,8.0,4.0,8.0,8.0,3.0,7.0,8.0,8.0,8.0,8.0,8.0,8.0,8.0,8.0,8.0,8.0,8.0,8.0,8.0,8.0,8.0,8.0,8.0
Dionysus Garter,John Sandbox,3,2,1,3,4,5,4.0,1.0,3.0,2.0,6.0,1.0,3.0,2.0,2.0,2.0,1.0,3.0,7.0,7.0,6.0,8.0,4.0,8.0,6.0,7.0,2.0,8.0,4.0,4.0,7.0,2.0,5.0,4.0,2.0,8.0,7.0,8.0,8.0,8.0,7.0,8.0,8.0,5.0,6.0,6.0,8.0,6.0,7.0,6.0,8.0,6.0,8.0,8.0,8.0,8.0,8.0,8.0,8.0,8.0
Connor Gegg,John Sandbox,1,1,1,2,3,2,,,,,,,,,,,,,,,,,,,,,,,,,,,,,,,,,,,,,,,,,,,,,,,,,,,,,,
Barrie Schruurs,John Sandbox,1,5,2,1,2,2,3.0,1.0,5.0,7.0,3.0,5.0,2.0,3.0,3.0,5.0,2.0,4.0,8.0,6.0,5.0,8.0,4.0,5.0,5.0,8.0,3.0,5.0,8.0,4.0,3.0,7.0,6.0,8.0,6.0,7.0,8.0,8.0,5.0,8.0,8.0,8.0,8.0,7.0,6.0,5.0,8.0,7.0,8.0,8.0,8.0,8.0,5.0,8.0,8.0,8.0,8.0,8.0,8.0,8.0
Fletcher Ayllett,John Sandbox,1,3,2,4,2,2,3.0,3.0,2.0,4.0,4.0,4.0,1.0,1.0,4.0,3.0,4.0,1.0,7.0,6.0,6.0,8.0,7.0,6.0,4.0,8.0,8.0,8.0,4.0,4.0,8.0,8.0,7.0,6.0,8.0,6.0,2.0,8.0,8.0,8.0,6.0,8.0,8.0,8.0,5.0,8.0,8.0,6.0,8.0,8.0,8.0,6.0,8.0,8.0,8.0,8.0,8.0,8.0,8.0,8.0
Slade Cannavan,John Sandbox,5,4,2,6,3,4,5.0,3.0,4.0,6.0,2.0,3.0,3.0,2.0,3.0,3.0,3.0,1.0,4.0,5.0,7.0,8.0,7.0,8.0,8.0,3.0,6.0,6.0,8.0,5.0,7.0,7.0,8.0,8.0,6.0,2.0,7.0,8.0,8.0,8.0,8.0,8.0,8.0,8.0,8.0,8.0,8.0,4.0,7.0,8.0,8.0,4.0,6.0,8.0,8.0,8.0,2.0,8.0,8.0,8.0
Bert Spall,John Sandbox,3,3,6,3,7,1,3.0,1.0,3.0,3.0,4.0,2.0,1.0,1.0,3.0,3.0,4.0,3.0,6.0,8.0,8.0,6.0,6.0,3.0,8.0,8.0,5.0,8.0,3.0,6.0,6.0,3.0,5.0,5.0,7.0,3.0,8.0,7.0,6.0,7.0,6.0,8.0,7.0,4.0,8.0,6.0,8.0,7.0,5.0,4.0,8.0,6.0,8.0,8.0,8.0,8.0,8.0,8.0,8.0,8.0
Denyse Worley,Edward Reinhart,4,3,2,1,6,1,3.0,1.0,5.0,5.0,1.0,4.0,5.0,2.0,5.0,4.0,1.0,5.0,3.0,8.0,5.0,3.0,6.0,3.0,3.0,8.0,5.0,5.0,6.0,3.0,4.0,8.0,3.0,5.0,6.0,8.0,7.0,8.0,8.0,8.0,8.0,8.0,8.0,8.0,5.0,8.0,8.0,8.0,,,,,,,,,,,,
Jard Antonowicz,Edward Reinhart,1,5,5,3,2,3,2.0,3.0,4.0,2.0,1.0,3.0,1.0,3.0,4.0,2.0,2.0,5.0,8.0,5.0,7.0,1.0,4.0,5.0,6.0,6.0,8.0,8.0,5.0,7.0,4.0,3.0,4.0,7.0,5.0,8.0,8.0,8.0,7.0,7.0,6.0,8.0,5.0,8.0,8.0,8.0,8.0,8.0,,,,,,,,,,,,
Burtie Clubley,Edward Reinhart,7,1,5,1,3,4,2.0,4.0,2.0,4.0,1.0,3.0,2.0,2.0,5.0,2.0,5.0,3.0,6.0,8.0,3.0,5.0,8.0,2.0,8.0,8.0,8.0,7.0,3.0,8.0,4.0,5.0,3.0,4.0,8.0,4.0,8.0,8.0,8.0,8.0,6.0,5.0,8.0,7.0,5.0,8.0,7.0,8.0,,,,,,,,,,,,
Idaline Gadeaux,Edward Reinhart,2,3,4,1,4,4,6.0,5.0,2.0,2.0,1.0,2.0,2.0,5.0,2.0,3.0,3.0,1.0,3.0,3.0,6.0,8.0,8.0,3.0,6.0,4.0,8.0,6.0,4.0,6.0,6.0,4.0,7.0,4.0,4.0,1.0,5.0,8.0,6.0,5.0,6.0,4.0,8.0,7.0,8.0,8.0,8.0,7.0,,,,,,,,,,,,
Gaspard Dunn,Edward Reinhart,1,1,3,4,3,4,1.0,1.0,3.0,4.0,2.0,2.0,1.0,1.0,4.0,3.0,3.0,4.0,6.0,8.0,3.0,7.0,7.0,5.0,8.0,5.0,2.0,8.0,8.0,7.0,8.0,4.0,8.0,7.0,4.0,5.0,4.0,8.0,8.0,8.0,8.0,8.0,8.0,2.0,8.0,8.0,8.0,7.0,,,,,,,,,,,,
Reg Mcreynold,Edward Reinhart,1,3,2,1,2,3,4.0,4.0,3.0,3.0,3.0,1.0,3.0,2.0,6.0,3.0,4.0,1.0,8.0,3.0,7.0,6.0,8.0,1.0,7.0,4.0,8.0,6.0,4.0,5.0,7.0,5.0,6.0,2.0,8.0,3.0,3.0,6.0,8.0,8.0,8.0,8.0,6.0,8.0,8.0,8.0,8.0,8.0,,,,,,,,,,,,
Penni Grioli,Edward Reinhart,3,3,2,5,4,4,3.0,1.0,2.0,4.0,1.0,1.0,2.0,4.0,3.0,2.0,3.0,4.0,1.0,2.0,7.0,6.0,7.0,5.0,8.0,4.0,6.0,7.0,8.0,6.0,8.0,8.0,6.0,7.0,8.0,8.0,8.0,8.0,8.0,8.0,8.0,6.0,7.0,8.0,8.0,7.0,8.0,4.0,,,,,,,,,,,,
Kial Gowdy,Edward Reinhart,3,2,3,3,1,2,1.0,2.0,4.0,5.0,3.0,5.0,3.0,4.0,7.0,2.0,7.0,1.0,8.0,8.0,6.0,2.0,1.0,4.0,2.0,2.0,7.0,1.0,1.0,8.0,6.0,3.0,8.0,3.0,4.0,6.0,8.0,6.0,8.0,5.0,8.0,8.0,6.0,8.0,6.0,8.0,8.0,8.0,,,,,,,,,,,,
Haskell Mcdonnell,Edward Reinhart,5,1,1,4,4,1,2.0,4.0,1.0,3.0,6.0,1.0,1.0,5.0,4.0,1.0,2.0,3.0,8.0,3.0,5.0,6.0,8.0,7.0,5.0,2.0,5.0,8.0,4.0,3.0,3.0,7.0,1.0,6.0,4.0,7.0,8.0,7.0,8.0,8.0,5.0,6.0,8.0,8.0,8.0,8.0,8.0,8.0,,,,,,,,,,,,
Jeffy Dudding,Edward Reinhart,2,3,4,2,2,3,5.0,2.0,5.0,2.0,1.0,2.0,1.0,2.0,3.0,4.0,1.0,2.0,5.0,5.0,4.0,8.0,8.0,7.0,6.0,5.0,8.0,5.0,7.0,8.0,7.0,6.0,8.0,5.0,3.0,6.0,8.0,8.0,8.0,8.0,8.0,8.0,6.0,8.0,8.0,6.0,6.0,7.0,,,,,,,,,,,,
Damaris Vallance,Edward Reinhart,4,5,3,2,3,2,3.0,2.0,5.0,4.0,1.0,1.0,6.0,3.0,2.0,3.0,1.0,4.0,8.0,5.0,8.0,8.0,4.0,8.0,8.0,3.0,1.0,3.0,8.0,5.0,4.0,4.0,8.0,4.0,5.0,4.0,8.0,7.0,7.0,8.0,8.0,8.0,8.0,7.0,8.0,8.0,8.0,8.0,,,,,,,,,,,,
Stacee Kidson,Edward Reinhart,2,3,2,3,1,3,5.0,5.0,1.0,4.0,4.0,1.0,2.0,3.0,3.0,3.0,1.0,6.0,4.0,7.0,2.0,6.0,5.0,6.0,6.0,6.0,4.0,7.0,5.0,8.0,7.0,2.0,5.0,8.0,7.0,7.0,8.0,8.0,8.0,8.0,8.0,8.0,8.0,7.0,8.0,8.0,6.0,8.0,,,,,,,,,,,,
Anica Vallis,Edward Reinhart,1,5,4,2,7,4,5.0,4.0,2.0,4.0,3.0,6.0,4.0,4.0,5.0,3.0,2.0,8.0,6.0,8.0,8.0,6.0,6.0,3.0,3.0,6.0,8.0,8.0,4.0,7.0,8.0,7.0,5.0,5.0,8.0,5.0,7.0,8.0,8.0,6.0,8.0,6.0,8.0,4.0,8.0,8.0,8.0,8.0,,,,,,,,,,,,
Emmey Wadforth,Lucy Foster,4,1,7,3,2,1,1.0,1.0,3.0,2.0,1.0,4.0,2.0,3.0,2.0,2.0,2.0,1.0,8.0,5.0,4.0,3.0,8.0,5.0,2.0,4.0,8.0,6.0,7.0,3.0,3.0,2.0,4.0,1.0,4.0,4.0,8.0,8.0,7.0,8.0,8.0,4.0,5.0,7.0,5.0,5.0,8.0,8.0,5.0,6.0,8.0,8.0,8.0,8.0,8.0,7.0,8.0,8.0,8.0,8.0
Sayer Weedon,Lucy Foster,1,5,7,1,3,2,6.0,1.0,5.0,3.0,1.0,3.0,4.0,5.0,4.0,2.0,3.0,1.0,7.0,2.0,8.0,8.0,7.0,5.0,4.0,8.0,4.0,8.0,8.0,8.0,3.0,5.0,2.0,4.0,6.0,2.0,3.0,7.0,6.0,7.0,8.0,8.0,8.0,8.0,8.0,8.0,8.0,7.0,8.0,8.0,8.0,8.0,8.0,8.0,8.0,8.0,8.0,8.0,8.0,8.0
Norbie Iacobucci,Lucy Foster,2,2,1,2,3,1,,,,,,,,,,,,,,,,,,,,,,,,,,,,,,,,,,,,,,,,,,,,,,,,,,,,,,
Lynnell Samber,Lucy Foster,4,5,1,4,5,2,1.0,3.0,3.0,5.0,3.0,4.0,4.0,4.0,3.0,3.0,3.0,3.0,5.0,6.0,8.0,2.0,5.0,7.0,6.0,5.0,6.0,5.0,8.0,7.0,5.0,6.0,8.0,5.0,2.0,8.0,3.0,8.0,5.0,3.0,6.0,8.0,8.0,8.0,7.0,7.0,8.0,8.0,8.0,8.0,6.0,8.0,8.0,8.0,6.0,8.0,8.0,6.0,8.0,8.0
Hogan Bushnell,Lucy Foster,1,3,3,2,5,4,4.0,2.0,5.0,4.0,2.0,3.0,1.0,3.0,3.0,8.0,8.0,3.0,6.0,2.0,5.0,4.0,4.0,7.0,8.0,5.0,4.0,7.0,8.0,8.0,5.0,7.0,5.0,5.0,5.0,3.0,7.0,8.0,3.0,4.0,7.0,8.0,8.0,7.0,8.0,4.0,8.0,8.0,8.0,8.0,8.0,8.0,8.0,8.0,8.0,8.0,8.0,8.0,5.0,8.0
Scott Duny,Lucy Foster,1,7,5,1,1,3,3.0,2.0,2.0,3.0,4.0,1.0,2.0,5.0,1.0,2.0,1.0,3.0,7.0,7.0,7.0,6.0,5.0,4.0,7.0,7.0,6.0,7.0,6.0,8.0,5.0,2.0,7.0,7.0,3.0,5.0,8.0,5.0,5.0,8.0,7.0,8.0,8.0,8.0,8.0,8.0,4.0,4.0,8.0,8.0,8.0,2.0,8.0,8.0,8.0,8.0,8.0,8.0,8.0,8.0
Viv Newby,Lucy Foster,3,3,1,3,2,5,5.0,1.0,1.0,4.0,4.0,1.0,4.0,7.0,1.0,2.0,3.0,4.0,5.0,3.0,7.0,8.0,7.0,8.0,6.0,8.0,7.0,5.0,4.0,7.0,5.0,8.0,8.0,3.0,3.0,2.0,8.0,6.0,3.0,8.0,8.0,8.0,8.0,6.0,7.0,5.0,8.0,8.0,8.0,8.0,8.0,8.0,8.0,4.0,8.0,8.0,8.0,8.0,8.0,8.0
Louise Dowse,Lucy Foster,3,1,7,1,1,4,3.0,5.0,6.0,2.0,6.0,4.0,2.0,2.0,6.0,3.0,4.0,2.0,7.0,5.0,7.0,4.0,6.0,8.0,8.0,2.0,4.0,8.0,4.0,5.0,6.0,3.0,8.0,6.0,4.0,6.0,8.0,8.0,8.0,5.0,8.0,8.0,6.0,8.0,8.0,7.0,8.0,8.0,8.0,5.0,5.0,8.0,8.0,8.0,8.0,8.0,8.0,8.0,8.0,8.0
Haroun Mccrohon,Lucy Foster,2,5,3,6,5,4,3.0,2.0,1.0,3.0,1.0,2.0,1.0,3.0,3.0,2.0,6.0,1.0,4.0,4.0,2.0,8.0,8.0,8.0,7.0,8.0,7.0,8.0,3.0,8.0,7.0,8.0,7.0,7.0,7.0,3.0,7.0,8.0,8.0,8.0,5.0,8.0,8.0,5.0,8.0,8.0,8.0,8.0,8.0,8.0,7.0,8.0,8.0,8.0,8.0,8.0,8.0,8.0,8.0,8.0
Devan Claricoats,Lucy Foster,3,2,2,4,4,4,2.0,2.0,2.0,1.0,5.0,3.0,2.0,3.0,5.0,1.0,1.0,2.0,5.0,8.0,5.0,8.0,5.0,6.0,5.0,7.0,3.0,6.0,6.0,5.0,5.0,4.0,8.0,7.0,8.0,1.0,8.0,8.0,8.0,8.0,7.0,8.0,6.0,8.0,8.0,8.0,8.0,4.0,7.0,8.0,8.0,8.0,8.0,5.0,8.0,8.0,8.0,8.0,7.0,8.0
Matthaeus Audas,Lucy Foster,5,4,3,3,3,2,1.0,1.0,1.0,4.0,2.0,4.0,2.0,6.0,5.0,1.0,4.0,5.0,8.0,5.0,6.0,4.0,8.0,2.0,2.0,8.0,7.0,8.0,6.0,4.0,8.0,5.0,1.0,6.0,4.0,7.0,8.0,7.0,8.0,7.0,8.0,7.0,7.0,8.0,8.0,8.0,8.0,8.0,8.0,8.0,8.0,5.0,8.0,4.0,8.0,8.0,8.0,8.0,8.0,8.0
Halsey Broader,Lucy Foster,2,1,1,6,3,2,6.0,6.0,3.0,3.0,2.0,1.0,3.0,6.0,7.0,5.0,2.0,1.0,7.0,6.0,6.0,6.0,8.0,3.0,2.0,5.0,7.0,6.0,6.0,4.0,7.0,4.0,8.0,3.0,3.0,8.0,8.0,8.0,8.0,6.0,8.0,8.0,8.0,5.0,8.0,8.0,8.0,8.0,8.0,8.0,6.0,8.0,8.0,8.0,5.0,8.0,8.0,8.0,8.0,8.0
Rina Soffe,Lucy Foster,4,3,4,4,2,5,4.0,3.0,4.0,3.0,4.0,3.0,2.0,3.0,2.0,2.0,2.0,2.0,8.0,8.0,8.0,5.0,5.0,5.0,4.0,5.0,8.0,6.0,4.0,2.0,8.0,6.0,3.0,2.0,6.0,3.0,4.0,8.0,8.0,3.0,7.0,7.0,8.0,6.0,8.0,8.0,6.0,8.0,8.0,3.0,8.0,4.0,8.0,7.0,8.0,8.0,8.0,8.0,8.0,7.0
Marcy Treat,Gina Cartwright,6,5,2,2,4,5,5.0,3.0,4.0,3.0,2.0,4.0,3.0,1.0,2.0,2.0,2.0,6.0,3.0,4.0,7.0,6.0,6.0,8.0,6.0,6.0,2.0,8.0,8.0,8.0,3.0,7.0,2.0,6.0,4.0,6.0,5.0,8.0,8.0,7.0,8.0,5.0,8.0,8.0,8.0,7.0,8.0,7.0,,,,,,,,,,,,
Heindrick Mckiddin,Gina Cartwright,5,3,2,3,3,3,1.0,3.0,3.0,1.0,2.0,3.0,5.0,2.0,7.0,1.0,4.0,5.0,5.0,5.0,8.0,5.0,5.0,2.0,4.0,4.0,8.0,8.0,1.0,8.0,5.0,7.0,6.0,8.0,4.0,6.0,8.0,6.0,8.0,6.0,7.0,8.0,5.0,7.0,5.0,8.0,5.0,4.0,,,,,,,,,,,,
Danella Winkett,Gina Cartwright,6,3,6,1,1,3,3.0,7.0,1.0,2.0,5.0,1.0,3.0,1.0,2.0,3.0,4.0,1.0,3.0,8.0,4.0,7.0,5.0,5.0,3.0,4.0,4.0,1.0,7.0,5.0,2.0,5.0,7.0,7.0,8.0,8.0,3.0,7.0,8.0,6.0,8.0,6.0,8.0,8.0,8.0,8.0,8.0,6.0,,,,,,,,,,,,
Darrin Perrelle,Gina Cartwright,3,1,2,4,6,2,3.0,5.0,7.0,6.0,2.0,3.0,7.0,2.0,2.0,5.0,3.0,2.0,6.0,2.0,6.0,7.0,3.0,8.0,8.0,5.0,4.0,2.0,6.0,6.0,5.0,8.0,8.0,8.0,7.0,5.0,8.0,8.0,8.0,5.0,6.0,6.0,3.0,8.0,2.0,7.0,8.0,8.0,,,,,,,,,,,,
Janelle Forbear,Gina Cartwright,1,4,1,3,4,6,2.0,1.0,2.0,3.0,4.0,2.0,3.0,5.0,2.0,3.0,1.0,2.0,8.0,8.0,8.0,1.0,8.0,4.0,6.0,7.0,7.0,7.0,7.0,7.0,8.0,8.0,4.0,7.0,6.0,4.0,8.0,8.0,8.0,7.0,8.0,6.0,8.0,8.0,8.0,7.0,8.0,8.0,,,,,,,,,,,,
Sorcha Argue,Gina Cartwright,1,4,2,4,5,6,2.0,1.0,1.0,2.0,6.0,6.0,3.0,5.0,3.0,2.0,2.0,2.0,8.0,3.0,8.0,7.0,8.0,7.0,4.0,6.0,7.0,6.0,5.0,7.0,4.0,6.0,8.0,5.0,5.0,6.0,8.0,8.0,6.0,8.0,8.0,8.0,6.0,8.0,8.0,8.0,8.0,8.0,,,,,,,,,,,,
Toddie Rubanenko,Gina Cartwright,6,1,3,4,3,1,1.0,1.0,4.0,4.0,6.0,1.0,3.0,2.0,3.0,1.0,3.0,4.0,5.0,6.0,4.0,1.0,8.0,3.0,8.0,8.0,7.0,8.0,7.0,8.0,8.0,6.0,5.0,3.0,7.0,8.0,8.0,8.0,8.0,8.0,8.0,6.0,8.0,8.0,6.0,7.0,8.0,7.0,,,,,,,,,,,,
Selby Floyd,Gina Cartwright,4,4,1,4,5,3,2.0,5.0,4.0,3.0,3.0,2.0,2.0,4.0,5.0,4.0,1.0,3.0,8.0,6.0,7.0,8.0,4.0,6.0,8.0,7.0,8.0,7.0,1.0,7.0,3.0,7.0,2.0,5.0,6.0,6.0,8.0,8.0,8.0,8.0,8.0,4.0,6.0,8.0,8.0,8.0,8.0,6.0,,,,,,,,,,,,
Claudio Handrick,Gina Cartwright,4,3,3,1,4,2,1.0,3.0,4.0,2.0,1.0,3.0,1.0,1.0,3.0,4.0,3.0,1.0,7.0,8.0,6.0,6.0,5.0,6.0,8.0,6.0,7.0,8.0,7.0,7.0,8.0,8.0,5.0,4.0,5.0,7.0,8.0,8.0,8.0,4.0,8.0,7.0,8.0,6.0,4.0,4.0,8.0,8.0,,,,,,,,,,,,
Kingston Comsty,Gina Cartwright,2,3,5,4,5,3,2.0,8.0,4.0,2.0,2.0,4.0,3.0,4.0,3.0,3.0,7.0,1.0,7.0,5.0,7.0,6.0,5.0,8.0,4.0,8.0,8.0,8.0,3.0,5.0,7.0,6.0,8.0,4.0,5.0,8.0,8.0,8.0,8.0,8.0,8.0,7.0,8.0,8.0,5.0,8.0,8.0,5.0,,,,,,,,,,,,
Benedikt Cohani,Gina Cartwright,2,1,2,4,1,8,6.0,1.0,4.0,3.0,1.0,1.0,4.0,6.0,3.0,6.0,3.0,1.0,5.0,6.0,7.0,8.0,8.0,4.0,8.0,8.0,7.0,6.0,6.0,7.0,5.0,8.0,6.0,7.0,3.0,8.0,8.0,8.0,7.0,8.0,5.0,8.0,8.0,8.0,8.0,8.0,8.0,8.0,,,,,,,,,,,,
Morgen Lilywhite,Gina Cartwright,3,2,4,4,4,4,2.0,5.0,1.0,4.0,3.0,3.0,3.0,4.0,2.0,1.0,3.0,4.0,6.0,8.0,8.0,5.0,4.0,8.0,6.0,7.0,8.0,5.0,6.0,2.0,6.0,5.0,8.0,5.0,8.0,8.0,5.0,8.0,8.0,8.0,7.0,8.0,7.0,8.0,8.0,8.0,6.0,8.0,,,,,,,,,,,,
Job Restall,Gina Cartwright,3,3,2,2,2,4,2.0,3.0,1.0,5.0,3.0,4.0,1.0,4.0,3.0,2.0,3.0,6.0,6.0,7.0,6.0,8.0,2.0,6.0,8.0,8.0,6.0,6.0,6.0,7.0,8.0,4.0,4.0,6.0,5.0,4.0,8.0,8.0,8.0,6.0,8.0,4.0,8.0,8.0,8.0,7.0,8.0,8.0,,,,,,,,,,,,
Wilhelm Jouanet,Gina Cartwright,1,2,4,3,3,2,5.0,2.0,5.0,4.0,2.0,1.0,1.0,5.0,4.0,3.0,3.0,6.0,7.0,8.0,6.0,8.0,4.0,6.0,8.0,8.0,8.0,6.0,8.0,6.0,8.0,3.0,7.0,3.0,4.0,8.0,6.0,6.0,8.0,7.0,6.0,6.0,8.0,8.0,8.0,8.0,8.0,7.0,,,,,,,,,,,,
Malvina Whiteford,Lucy Foster,3,2,2,6,3,1,2.0,4.0,2.0,2.0,5.0,2.0,1.0,2.0,7.0,2.0,2.0,2.0,8.0,5.0,6.0,7.0,7.0,5.0,6.0,5.0,6.0,3.0,4.0,5.0,6.0,6.0,5.0,7.0,7.0,1.0,7.0,8.0,8.0,4.0,5.0,8.0,8.0,8.0,8.0,7.0,7.0,7.0,8.0,8.0,8.0,6.0,8.0,8.0,8.0,8.0,8.0,6.0,8.0,8.0
Belle Catherall,Lucy Foster,3,5,4,4,1,1,3.0,8.0,2.0,5.0,1.0,1.0,3.0,1.0,2.0,5.0,1.0,4.0,4.0,8.0,7.0,6.0,8.0,5.0,8.0,5.0,4.0,4.0,1.0,7.0,4.0,7.0,5.0,6.0,5.0,4.0,8.0,8.0,8.0,8.0,8.0,6.0,4.0,2.0,6.0,8.0,8.0,8.0,8.0,8.0,8.0,8.0,4.0,7.0,8.0,7.0,8.0,8.0,8.0,8.0
Ortensia Winscomb,Lucy Foster,2,2,7,1,2,2,1.0,5.0,5.0,3.0,4.0,2.0,1.0,3.0,6.0,1.0,2.0,4.0,3.0,5.0,3.0,6.0,6.0,8.0,8.0,5.0,7.0,2.0,6.0,8.0,2.0,8.0,6.0,6.0,7.0,5.0,8.0,7.0,8.0,8.0,8.0,6.0,6.0,8.0,8.0,8.0,4.0,8.0,8.0,8.0,8.0,8.0,1.0,8.0,8.0,8.0,8.0,8.0,8.0,8.0
Staffard Load,Lucy Foster,3,4,3,2,4,2,1.0,8.0,3.0,2.0,2.0,4.0,3.0,7.0,2.0,2.0,2.0,5.0,8.0,5.0,4.0,8.0,8.0,4.0,6.0,6.0,4.0,4.0,5.0,5.0,6.0,7.0,7.0,3.0,8.0,5.0,8.0,8.0,8.0,3.0,8.0,8.0,8.0,7.0,8.0,8.0,8.0,8.0,6.0,8.0,8.0,8.0,4.0,7.0,8.0,8.0,8.0,8.0,8.0,8.0
Bowie Endersby,Lucy Foster,4,5,1,2,2,3,3.0,6.0,1.0,4.0,2.0,3.0,3.0,6.0,2.0,4.0,4.0,1.0,6.0,8.0,8.0,5.0,5.0,5.0,3.0,8.0,7.0,2.0,8.0,8.0,7.0,7.0,6.0,4.0,4.0,7.0,8.0,3.0,8.0,7.0,5.0,8.0,8.0,3.0,7.0,6.0,8.0,8.0,6.0,8.0,8.0,5.0,8.0,8.0,8.0,8.0,8.0,8.0,8.0,5.0
Tonye Ambrogio,Lucy Foster,3,5,3,4,1,2,2.0,1.0,3.0,4.0,2.0,5.0,1.0,1.0,3.0,5.0,1.0,2.0,4.0,7.0,8.0,8.0,2.0,4.0,8.0,6.0,5.0,8.0,7.0,8.0,8.0,5.0,5.0,4.0,6.0,5.0,8.0,8.0,8.0,8.0,8.0,8.0,8.0,8.0,7.0,8.0,8.0,8.0,8.0,8.0,8.0,8.0,8.0,8.0,8.0,8.0,8.0,8.0,8.0,8.0
Celina Polley,Lucy Foster,2,3,3,6,2,2,2.0,2.0,7.0,3.0,1.0,5.0,2.0,3.0,3.0,8.0,3.0,2.0,6.0,7.0,7.0,6.0,8.0,6.0,8.0,8.0,4.0,6.0,5.0,8.0,5.0,6.0,4.0,6.0,8.0,6.0,8.0,2.0,8.0,8.0,8.0,8.0,8.0,6.0,8.0,8.0,8.0,8.0,8.0,6.0,4.0,5.0,8.0,6.0,8.0,8.0,8.0,8.0,8.0,8.0
Muhammad Linn,Lucy Foster,3,3,2,3,7,1,3.0,2.0,4.0,1.0,3.0,4.0,1.0,3.0,2.0,3.0,5.0,1.0,8.0,8.0,4.0,5.0,3.0,8.0,6.0,7.0,6.0,3.0,8.0,1.0,2.0,8.0,8.0,8.0,7.0,7.0,6.0,8.0,7.0,5.0,5.0,8.0,8.0,6.0,8.0,8.0,7.0,8.0,7.0,8.0,8.0,1.0,8.0,4.0,8.0,8.0,8.0,7.0,8.0,8.0
Farica Harding,Lucy Foster,4,4,1,3,1,4,5.0,4.0,6.0,5.0,3.0,4.0,3.0,3.0,2.0,3.0,2.0,4.0,8.0,7.0,6.0,6.0,5.0,5.0,3.0,8.0,5.0,8.0,6.0,7.0,5.0,8.0,8.0,2.0,5.0,8.0,8.0,8.0,8.0,8.0,8.0,8.0,8.0,7.0,5.0,7.0,8.0,7.0,8.0,8.0,8.0,4.0,8.0,7.0,8.0,8.0,8.0,8.0,8.0,8.0
Marquita Forrington,Lucy Foster,1,1,4,1,4,1,5.0,6.0,1.0,1.0,1.0,3.0,5.0,7.0,5.0,3.0,4.0,5.0,8.0,8.0,3.0,6.0,6.0,5.0,5.0,3.0,4.0,8.0,5.0,6.0,5.0,8.0,6.0,4.0,2.0,8.0,6.0,8.0,8.0,8.0,5.0,8.0,8.0,8.0,6.0,8.0,8.0,8.0,7.0,4.0,8.0,8.0,8.0,8.0,8.0,8.0,8.0,8.0,8.0,8.0
Muffin Jandel,Lucy Foster,5,4,3,5,3,1,3.0,3.0,5.0,2.0,1.0,3.0,1.0,1.0,2.0,2.0,1.0,3.0,,,,,,,,,,,,,,,,,,,,,,,,,,,,,,,,,,,,,,,,,,
Nadya Pineaux,Lucy Foster,5,2,1,4,2,4,3.0,4.0,5.0,1.0,1.0,3.0,5.0,5.0,6.0,4.0,1.0,1.0,6.0,6.0,2.0,8.0,3.0,8.0,8.0,3.0,7.0,4.0,8.0,8.0,8.0,8.0,8.0,8.0,5.0,4.0,7.0,8.0,8.0,6.0,8.0,8.0,8.0,4.0,8.0,8.0,8.0,8.0,8.0,6.0,6.0,8.0,8.0,8.0,8.0,8.0,8.0,8.0,8.0,8.0
Dewitt Milborn,Lucy Foster,1,2,2,1,1,2,,,,,,,,,,,,,,,,,,,,,,,,,,,,,,,,,,,,,,,,,,,,,,,,,,,,,,
Levy Standage,Lucy Foster,1,3,8,2,2,5,2.0,6.0,4.0,5.0,2.0,7.0,3.0,2.0,3.0,2.0,1.0,3.0,8.0,3.0,8.0,1.0,6.0,4.0,8.0,8.0,1.0,8.0,7.0,6.0,8.0,8.0,8.0,4.0,5.0,8.0,8.0,8.0,8.0,8.0,8.0,5.0,8.0,8.0,8.0,8.0,8.0,8.0,7.0,3.0,8.0,8.0,8.0,8.0,8.0,8.0,8.0,8.0,7.0,8.0
Silvain Kuhwald,Lucy Foster,4,4,1,4,5,4,3.0,5.0,1.0,5.0,3.0,4.0,3.0,3.0,5.0,1.0,4.0,2.0,8.0,4.0,3.0,6.0,4.0,6.0,5.0,6.0,4.0,6.0,7.0,6.0,6.0,6.0,6.0,5.0,7.0,3.0,8.0,8.0,8.0,8.0,8.0,8.0,8.0,8.0,8.0,8.0,8.0,8.0,8.0,8.0,6.0,8.0,4.0,8.0,8.0,8.0,8.0,8.0,8.0,8.0
Aguie Morrad,Lucy Foster,6,2,1,5,6,5,4.0,1.0,5.0,5.0,4.0,3.0,1.0,2.0,1.0,3.0,5.0,1.0,7.0,8.0,8.0,3.0,4.0,5.0,8.0,5.0,7.0,4.0,4.0,8.0,1.0,6.0,7.0,5.0,8.0,5.0,3.0,6.0,6.0,8.0,8.0,8.0,8.0,5.0,8.0,8.0,8.0,8.0,8.0,7.0,8.0,8.0,8.0,8.0,8.0,8.0,8.0,6.0,8.0,8.0
Bertram Esgate,Lucy Foster,2,4,3,1,4,3,3.0,2.0,3.0,1.0,4.0,2.0,3.0,8.0,1.0,2.0,1.0,1.0,8.0,3.0,7.0,1.0,8.0,6.0,5.0,8.0,3.0,6.0,8.0,5.0,3.0,7.0,3.0,7.0,7.0,8.0,8.0,5.0,7.0,8.0,8.0,8.0,8.0,6.0,5.0,5.0,4.0,7.0,8.0,8.0,8.0,4.0,8.0,8.0,8.0,7.0,8.0,8.0,8.0,8.0
Marlon Reside,Lucy Foster,5,2,1,3,1,6,8.0,5.0,3.0,1.0,4.0,2.0,1.0,3.0,5.0,3.0,1.0,4.0,4.0,6.0,5.0,7.0,4.0,4.0,7.0,6.0,7.0,4.0,4.0,7.0,8.0,6.0,6.0,6.0,2.0,5.0,6.0,6.0,8.0,8.0,6.0,8.0,8.0,8.0,8.0,8.0,8.0,8.0,8.0,5.0,4.0,8.0,8.0,8.0,8.0,8.0,8.0,8.0,8.0,8.0
Micheal Di Matteo,Lucy Foster,2,3,3,1,3,5,2.0,4.0,1.0,1.0,5.0,1.0,2.0,4.0,4.0,3.0,1.0,3.0,3.0,8.0,7.0,8.0,8.0,5.0,1.0,6.0,5.0,3.0,7.0,8.0,8.0,8.0,5.0,3.0,7.0,6.0,8.0,8.0,3.0,7.0,8.0,8.0,4.0,3.0,8.0,7.0,6.0,8.0,8.0,5.0,8.0,8.0,6.0,8.0,8.0,8.0,6.0,8.0,8.0,8.0
Regina Calver,Lucy Foster,3,4,2,7,6,1,2.0,3.0,6.0,5.0,2.0,1.0,3.0,2.0,2.0,5.0,3.0,7.0,4.0,4.0,8.0,1.0,7.0,8.0,5.0,6.0,5.0,4.0,8.0,3.0,8.0,5.0,7.0,4.0,8.0,8.0,4.0,8.0,8.0,3.0,7.0,8.0,7.0,8.0,8.0,8.0,8.0,8.0,6.0,8.0,8.0,7.0,8.0,8.0,8.0,8.0,8.0,8.0,8.0,8.0
Jodie Kaygill,Lucy Foster,3,2,1,2,4,1,2.0,3.0,3.0,3.0,3.0,1.0,2.0,1.0,2.0,7.0,3.0,2.0,3.0,6.0,8.0,2.0,4.0,8.0,7.0,5.0,5.0,3.0,8.0,4.0,8.0,8.0,5.0,8.0,4.0,6.0,8.0,4.0,8.0,8.0,4.0,7.0,8.0,8.0,8.0,8.0,7.0,8.0,7.0,8.0,8.0,8.0,8.0,8.0,8.0,8.0,8.0,8.0,8.0,6.0
Ingunna Adin,Lucy Foster,3,1,4,4,1,3,1.0,3.0,3.0,3.0,2.0,2.0,4.0,4.0,3.0,1.0,8.0,1.0,4.0,8.0,7.0,6.0,8.0,5.0,4.0,8.0,6.0,8.0,7.0,4.0,8.0,7.0,8.0,3.0,4.0,7.0,7.0,3.0,8.0,8.0,8.0,6.0,7.0,8.0,8.0,8.0,5.0,6.0,4.0,8.0,8.0,8.0,6.0,8.0,8.0,8.0,8.0,8.0,8.0,8.0
Carlos Gerckens,Lucy Foster,1,3,4,4,3,2,1.0,2.0,4.0,5.0,3.0,7.0,4.0,2.0,2.0,1.0,3.0,1.0,4.0,4.0,6.0,7.0,8.0,8.0,4.0,5.0,7.0,8.0,4.0,6.0,3.0,8.0,3.0,8.0,4.0,6.0,6.0,8.0,5.0,6.0,6.0,7.0,8.0,6.0,8.0,8.0,8.0,8.0,8.0,8.0,7.0,8.0,8.0,8.0,8.0,8.0,8.0,8.0,8.0,8.0
Sherline Cudihy,Lucy Foster,3,4,4,8,1,4,3.0,6.0,4.0,4.0,3.0,4.0,1.0,2.0,2.0,3.0,1.0,4.0,6.0,8.0,6.0,5.0,8.0,2.0,5.0,4.0,8.0,3.0,8.0,5.0,5.0,7.0,5.0,8.0,5.0,2.0,8.0,5.0,8.0,7.0,7.0,8.0,8.0,8.0,8.0,6.0,5.0,8.0,8.0,8.0,8.0,8.0,5.0,8.0,8.0,8.0,8.0,8.0,8.0,8.0
Trudie Kiellor,Lucy Foster,5,3,5,7,2,4,3.0,1.0,2.0,4.0,3.0,2.0,2.0,4.0,1.0,3.0,2.0,3.0,4.0,6.0,5.0,3.0,8.0,4.0,3.0,5.0,6.0,5.0,8.0,4.0,2.0,8.0,2.0,8.0,8.0,6.0,3.0,6.0,8.0,7.0,8.0,8.0,6.0,8.0,8.0,8.0,8.0,8.0,6.0,8.0,8.0,8.0,7.0,8.0,8.0,8.0,8.0,8.0,8.0,8.0
Edvard Northen,Lucy Foster,3,5,4,3,2,7,5.0,3.0,1.0,3.0,1.0,4.0,2.0,2.0,3.0,5.0,1.0,2.0,7.0,7.0,4.0,8.0,6.0,6.0,6.0,7.0,4.0,2.0,8.0,4.0,8.0,2.0,6.0,8.0,3.0,2.0,8.0,8.0,7.0,8.0,6.0,8.0,3.0,8.0,7.0,6.0,7.0,8.0,8.0,6.0,6.0,8.0,7.0,8.0,8.0,8.0,8.0,8.0,8.0,8.0
Alwin Bullman,Lucy Foster,2,2,4,2,3,3,5.0,2.0,1.0,3.0,1.0,2.0,6.0,4.0,5.0,1.0,2.0,3.0,5.0,5.0,3.0,6.0,5.0,8.0,8.0,3.0,8.0,8.0,3.0,6.0,5.0,8.0,6.0,6.0,8.0,4.0,8.0,3.0,8.0,5.0,5.0,8.0,8.0,8.0,5.0,8.0,4.0,5.0,7.0,8.0,8.0,8.0,5.0,8.0,8.0,8.0,8.0,8.0,8.0,8.0
Bob Rogerson,Lucy Foster,2,4,1,3,3,5,2.0,3.0,2.0,3.0,8.0,1.0,6.0,3.0,2.0,5.0,4.0,1.0,6.0,5.0,5.0,5.0,5.0,8.0,4.0,3.0,5.0,4.0,5.0,2.0,7.0,6.0,2.0,3.0,8.0,7.0,5.0,8.0,8.0,6.0,8.0,8.0,8.0,5.0,8.0,8.0,3.0,8.0,7.0,8.0,4.0,8.0,8.0,8.0,8.0,8.0,8.0,8.0,8.0,8.0
Kerr Coucha,Lucy Foster,3,5,3,2,3,5,2.0,5.0,4.0,3.0,3.0,4.0,3.0,3.0,4.0,4.0,5.0,5.0,6.0,5.0,8.0,4.0,2.0,8.0,8.0,3.0,6.0,5.0,7.0,5.0,8.0,5.0,8.0,8.0,6.0,2.0,8.0,6.0,8.0,5.0,8.0,6.0,8.0,8.0,8.0,7.0,8.0,7.0,5.0,8.0,5.0,8.0,7.0,8.0,8.0,8.0,8.0,8.0,8.0,8.0
Nancie Mehaffey,Lucy Foster,4,4,5,3,2,1,1.0,5.0,6.0,1.0,1.0,1.0,3.0,5.0,2.0,2.0,8.0,2.0,8.0,8.0,6.0,8.0,8.0,7.0,6.0,5.0,4.0,6.0,4.0,7.0,4.0,5.0,8.0,6.0,5.0,5.0,8.0,8.0,8.0,8.0,8.0,8.0,8.0,4.0,8.0,8.0,8.0,7.0,8.0,8.0,8.0,5.0,8.0,8.0,8.0,8.0,8.0,8.0,8.0,8.0
Violet Luscombe,Lucy Foster,4,7,2,1,4,2,4.0,5.0,6.0,4.0,3.0,5.0,3.0,8.0,4.0,3.0,4.0,5.0,7.0,8.0,8.0,8.0,5.0,7.0,8.0,8.0,8.0,5.0,5.0,8.0,8.0,8.0,8.0,6.0,7.0,6.0,4.0,8.0,8.0,7.0,6.0,5.0,7.0,8.0,8.0,8.0,8.0,8.0,8.0,8.0,8.0,8.0,8.0,8.0,8.0,8.0,8.0,8.0,8.0,8.0
Cora Klausewitz,Lucy Foster,3,1,2,2,3,2,1.0,2.0,3.0,1.0,4.0,3.0,2.0,5.0,2.0,1.0,4.0,3.0,6.0,7.0,5.0,8.0,8.0,3.0,7.0,6.0,6.0,8.0,4.0,6.0,7.0,8.0,5.0,5.0,6.0,8.0,6.0,8.0,2.0,8.0,6.0,8.0,8.0,8.0,6.0,8.0,8.0,8.0,8.0,8.0,8.0,7.0,8.0,7.0,8.0,8.0,8.0,8.0,8.0,8.0
Scarface Gallihaulk,Lucy Foster,8,2,2,1,2,1,3.0,2.0,7.0,3.0,2.0,7.0,1.0,5.0,2.0,3.0,4.0,2.0,4.0,8.0,8.0,8.0,7.0,6.0,8.0,6.0,8.0,3.0,7.0,8.0,4.0,5.0,4.0,7.0,2.0,8.0,8.0,8.0,5.0,8.0,5.0,8.0,7.0,6.0,8.0,8.0,6.0,8.0,8.0,8.0,8.0,8.0,4.0,8.0,8.0,8.0,7.0,8.0,8.0,8.0
Anna Lamperti,Lucy Foster,5,3,2,2,5,4,3.0,2.0,1.0,3.0,2.0,3.0,1.0,1.0,4.0,5.0,4.0,5.0,8.0,7.0,8.0,8.0,8.0,8.0,7.0,8.0,4.0,8.0,8.0,8.0,6.0,7.0,7.0,4.0,4.0,4.0,6.0,8.0,7.0,6.0,8.0,4.0,8.0,8.0,8.0,5.0,6.0,8.0,8.0,8.0,8.0,8.0,8.0,7.0,8.0,8.0,8.0,8.0,8.0,7.0
Collin Commins,Lucy Foster,2,4,4,4,5,1,2.0,2.0,3.0,6.0,3.0,3.0,2.0,2.0,3.0,2.0,3.0,4.0,4.0,5.0,8.0,8.0,6.0,6.0,6.0,6.0,3.0,8.0,8.0,2.0,7.0,7.0,7.0,4.0,8.0,4.0,8.0,8.0,8.0,8.0,8.0,8.0,8.0,4.0,8.0,8.0,8.0,8.0,8.0,8.0,4.0,8.0,6.0,8.0,8.0,8.0,8.0,8.0,5.0,8.0
Chrissy Bartholin,Lucy Foster,2,4,1,3,4,3,2.0,1.0,1.0,2.0,1.0,3.0,,,,,,,,,,,,,,,,,,,,,,,,,,,,,,,,,,,,,,,,,,,,,,,,
Baird Reynoollds,Lucy Foster,4,3,1,1,1,5,2.0,3.0,1.0,2.0,1.0,3.0,5.0,3.0,1.0,3.0,3.0,1.0,2.0,8.0,3.0,4.0,8.0,8.0,8.0,8.0,6.0,3.0,3.0,6.0,4.0,6.0,1.0,8.0,7.0,8.0,5.0,8.0,8.0,7.0,8.0,8.0,8.0,7.0,4.0,7.0,8.0,1.0,8.0,8.0,8.0,7.0,8.0,5.0,8.0,8.0,8.0,8.0,8.0,8.0
Vasili Cartledge,Lucy Foster,3,2,3,2,2,5,4.0,4.0,1.0,3.0,1.0,4.0,1.0,4.0,6.0,2.0,1.0,2.0,7.0,8.0,5.0,5.0,3.0,2.0,6.0,4.0,4.0,3.0,5.0,4.0,5.0,7.0,5.0,3.0,3.0,7.0,8.0,8.0,8.0,8.0,8.0,3.0,8.0,8.0,8.0,7.0,8.0,8.0,8.0,8.0,8.0,8.0,4.0,8.0,8.0,8.0,8.0,8.0,8.0,8.0
Otes Kemster,Gina Cartwright,1,3,2,4,6,2,1.0,1.0,6.0,4.0,3.0,3.0,4.0,8.0,2.0,4.0,7.0,1.0,6.0,4.0,8.0,8.0,6.0,8.0,8.0,5.0,6.0,8.0,3.0,8.0,6.0,7.0,3.0,6.0,8.0,8.0,8.0,8.0,8.0,6.0,5.0,8.0,8.0,8.0,8.0,8.0,8.0,8.0,8.0,8.0,8.0,8.0,8.0,7.0,6.0,8.0,8.0,8.0,8.0,8.0
Kahaleel Tatem,Gina Cartwright,5,3,4,3,4,3,3.0,2.0,1.0,2.0,6.0,4.0,1.0,2.0,4.0,5.0,3.0,5.0,4.0,7.0,3.0,7.0,4.0,6.0,8.0,7.0,8.0,7.0,6.0,7.0,6.0,6.0,8.0,7.0,4.0,8.0,8.0,8.0,8.0,8.0,8.0,8.0,2.0,8.0,6.0,8.0,4.0,8.0,4.0,8.0,8.0,8.0,8.0,8.0,8.0,8.0,8.0,8.0,8.0,8.0
Antonetta Rustedge,Gina Cartwright,3,3,5,4,2,4,1.0,3.0,3.0,3.0,2.0,4.0,7.0,1.0,1.0,3.0,4.0,4.0,8.0,5.0,2.0,2.0,4.0,4.0,8.0,7.0,6.0,6.0,8.0,8.0,4.0,6.0,6.0,8.0,5.0,6.0,8.0,5.0,8.0,7.0,8.0,7.0,8.0,8.0,8.0,6.0,8.0,8.0,8.0,8.0,8.0,8.0,5.0,8.0,8.0,8.0,8.0,8.0,8.0,8.0
Anestassia Gadman,Gina Cartwright,7,2,2,1,1,4,5.0,3.0,2.0,2.0,5.0,2.0,1.0,5.0,4.0,3.0,7.0,7.0,6.0,1.0,5.0,7.0,8.0,8.0,8.0,3.0,7.0,4.0,7.0,2.0,7.0,3.0,3.0,5.0,8.0,7.0,7.0,8.0,4.0,8.0,6.0,8.0,8.0,4.0,8.0,7.0,8.0,8.0,8.0,8.0,7.0,8.0,7.0,5.0,8.0,5.0,8.0,8.0,8.0,8.0
Babara Veazey,Gina Cartwright,6,4,3,4,4,3,2.0,4.0,1.0,3.0,3.0,2.0,1.0,1.0,2.0,3.0,1.0,3.0,,,,,,,,,,,,,,,,,,,,,,,,,,,,,,,,,,,,,,,,,,
Candie Senner,Gina Cartwright,2,3,3,2,4,2,3.0,3.0,2.0,3.0,4.0,1.0,3.0,1.0,1.0,1.0,3.0,2.0,,,,,,,,,,,,,,,,,,,,,,,,,,,,,,,,,,,,,,,,,,
Sydelle Russo,Gina Cartwright,1,4,5,5,1,6,4.0,2.0,1.0,1.0,1.0,6.0,6.0,3.0,2.0,2.0,3.0,2.0,8.0,8.0,3.0,5.0,8.0,6.0,5.0,5.0,6.0,4.0,4.0,6.0,4.0,8.0,7.0,3.0,4.0,6.0,8.0,8.0,8.0,6.0,4.0,8.0,8.0,8.0,8.0,4.0,8.0,5.0,8.0,8.0,8.0,8.0,4.0,7.0,8.0,8.0,8.0,8.0,8.0,8.0
Warner Harse,Gina Cartwright,3,4,3,1,6,6,1.0,1.0,5.0,6.0,1.0,2.0,2.0,3.0,1.0,2.0,1.0,3.0,6.0,1.0,1.0,3.0,8.0,5.0,5.0,5.0,3.0,5.0,5.0,8.0,5.0,5.0,7.0,5.0,5.0,7.0,8.0,8.0,8.0,8.0,8.0,8.0,8.0,8.0,7.0,8.0,6.0,7.0,6.0,8.0,8.0,7.0,6.0,8.0,8.0,8.0,8.0,8.0,8.0,8.0
Tabbatha Kullmann,Gina Cartwright,1,7,4,5,2,4,4.0,6.0,5.0,5.0,4.0,2.0,2.0,3.0,4.0,3.0,1.0,3.0,8.0,5.0,6.0,8.0,6.0,6.0,8.0,2.0,3.0,3.0,7.0,3.0,8.0,8.0,8.0,6.0,8.0,5.0,6.0,8.0,7.0,8.0,8.0,7.0,7.0,6.0,4.0,8.0,8.0,8.0,8.0,8.0,7.0,4.0,8.0,8.0,6.0,8.0,8.0,8.0,8.0,8.0
Drucie Bianco,Gina Cartwright,6,4,3,3,1,4,4.0,3.0,3.0,2.0,4.0,1.0,4.0,2.0,4.0,3.0,4.0,2.0,6.0,8.0,2.0,8.0,3.0,5.0,5.0,3.0,5.0,5.0,8.0,5.0,7.0,7.0,2.0,5.0,4.0,3.0,8.0,5.0,6.0,8.0,6.0,4.0,8.0,8.0,8.0,5.0,8.0,6.0,6.0,8.0,5.0,8.0,7.0,7.0,8.0,8.0,8.0,8.0,8.0,8.0
Malvin Penrith,Gina Cartwright,1,4,1,2,2,1,,,,,,,,,,,,,,,,,,,,,,,,,,,,,,,,,,,,,,,,,,,,,,,,,,,,,,
Clay Perillo,Gina Cartwright,1,3,6,1,4,3,5.0,8.0,3.0,4.0,2.0,5.0,4.0,5.0,3.0,3.0,1.0,5.0,1.0,3.0,7.0,6.0,7.0,7.0,5.0,7.0,7.0,6.0,1.0,5.0,4.0,8.0,5.0,2.0,7.0,5.0,8.0,8.0,8.0,8.0,6.0,5.0,8.0,8.0,8.0,8.0,5.0,8.0,2.0,8.0,8.0,6.0,8.0,8.0,8.0,8.0,8.0,8.0,8.0,6.0
Sandy Droogan,Edward Reinhart,3,2,3,4,6,1,2.0,1.0,2.0,1.0,1.0,3.0,,,,,,,,,,,,,,,,,,,,,,,,,,,,,,,,,,,,,,,,,,,,,,,,
Othilia Hutton,Edward Reinhart,1,4,1,4,4,2,1.0,3.0,6.0,3.0,2.0,6.0,2.0,1.0,4.0,2.0,1.0,2.0,5.0,6.0,6.0,6.0,8.0,7.0,3.0,8.0,4.0,8.0,4.0,5.0,8.0,6.0,6.0,4.0,3.0,4.0,6.0,8.0,5.0,8.0,7.0,7.0,8.0,8.0,8.0,8.0,8.0,7.0,7.0,3.0,7.0,8.0,8.0,8.0,8.0,8.0,8.0,8.0,8.0,8.0
Lindon Mee,Edward Reinhart,1,1,1,5,4,2,2.0,5.0,1.0,5.0,2.0,3.0,5.0,6.0,5.0,2.0,2.0,3.0,3.0,4.0,5.0,5.0,8.0,6.0,6.0,5.0,7.0,8.0,8.0,7.0,5.0,3.0,8.0,7.0,8.0,7.0,8.0,8.0,8.0,8.0,8.0,7.0,8.0,7.0,8.0,8.0,7.0,8.0,8.0,8.0,4.0,8.0,8.0,7.0,8.0,8.0,8.0,8.0,8.0,8.0
Danella Leisk,Edward Reinhart,3,4,2,4,3,2,5.0,5.0,4.0,3.0,1.0,2.0,5.0,4.0,2.0,3.0,4.0,5.0,8.0,5.0,5.0,8.0,7.0,3.0,5.0,3.0,6.0,8.0,4.0,4.0,4.0,7.0,5.0,6.0,7.0,8.0,8.0,7.0,5.0,5.0,8.0,5.0,6.0,7.0,8.0,5.0,8.0,7.0,3.0,8.0,8.0,8.0,8.0,8.0,8.0,8.0,8.0,8.0,8.0,6.0
Waylan Gors,Edward Reinhart,5,4,1,7,2,1,1.0,3.0,2.0,4.0,4.0,1.0,3.0,1.0,5.0,5.0,1.0,1.0,7.0,6.0,8.0,4.0,4.0,5.0,5.0,8.0,8.0,4.0,6.0,6.0,3.0,8.0,7.0,8.0,5.0,7.0,8.0,6.0,8.0,8.0,8.0,8.0,8.0,8.0,8.0,8.0,8.0,8.0,8.0,6.0,8.0,8.0,6.0,8.0,8.0,8.0,8.0,7.0,8.0,7.0
Gisela Andrea,Edward Reinhart,2,3,3,3,1,5,2.0,5.0,2.0,5.0,2.0,4.0,5.0,2.0,4.0,3.0,3.0,2.0,3.0,5.0,5.0,5.0,6.0,6.0,5.0,7.0,2.0,5.0,5.0,7.0,5.0,8.0,8.0,8.0,4.0,5.0,8.0,4.0,8.0,8.0,8.0,8.0,6.0,8.0,8.0,8.0,3.0,8.0,6.0,8.0,6.0,8.0,7.0,5.0,8.0,8.0,8.0,8.0,8.0,8.0
Augusta Gilfoy,Edward Reinhart,4,6,3,3,2,1,2.0,3.0,2.0,6.0,4.0,3.0,4.0,2.0,1.0,1.0,7.0,2.0,8.0,8.0,8.0,5.0,4.0,6.0,5.0,8.0,2.0,1.0,7.0,8.0,6.0,6.0,5.0,7.0,8.0,6.0,8.0,8.0,7.0,8.0,8.0,6.0,8.0,8.0,8.0,8.0,8.0,6.0,8.0,6.0,8.0,8.0,4.0,8.0,8.0,4.0,8.0,8.0,8.0,8.0
Pier Spatig,Edward Reinhart,1,5,4,3,1,1,1.0,3.0,2.0,1.0,2.0,2.0,,,,,,,,,,,,,,,,,,,,,,,,,,,,,,,,,,,,,,,,,,,,,,,,
Brenna Mcgroarty,Edward Reinhart,2,6,2,1,1,1,3.0,2.0,5.0,4.0,3.0,1.0,2.0,3.0,1.0,3.0,3.0,4.0,6.0,6.0,7.0,5.0,8.0,8.0,2.0,7.0,3.0,5.0,8.0,8.0,8.0,5.0,7.0,8.0,7.0,2.0,8.0,7.0,8.0,8.0,8.0,8.0,8.0,4.0,8.0,8.0,8.0,8.0,8.0,7.0,8.0,8.0,7.0,6.0,6.0,8.0,8.0,8.0,8.0,8.0
Susannah Bengough,John Sandbox,2,4,5,3,6,1,1.0,1.0,1.0,5.0,6.0,2.0,2.0,2.0,4.0,3.0,6.0,8.0,5.0,2.0,3.0,5.0,5.0,8.0,5.0,3.0,1.0,6.0,6.0,3.0,7.0,8.0,4.0,7.0,8.0,8.0,8.0,6.0,8.0,8.0,8.0,5.0,6.0,8.0,8.0,8.0,8.0,8.0,,,,,,,,,,,,
Madison Getch,John Sandbox,4,4,1,1,2,4,1.0,5.0,4.0,3.0,3.0,2.0,1.0,2.0,6.0,2.0,6.0,4.0,7.0,6.0,5.0,6.0,6.0,5.0,5.0,8.0,6.0,7.0,7.0,4.0,7.0,2.0,6.0,7.0,5.0,8.0,8.0,8.0,8.0,8.0,8.0,8.0,7.0,8.0,7.0,8.0,5.0,8.0,,,,,,,,,,,,
Leicester Banker,John Sandbox,3,6,4,2,4,5,3.0,7.0,4.0,1.0,1.0,5.0,5.0,3.0,5.0,1.0,7.0,3.0,1.0,4.0,7.0,4.0,6.0,8.0,8.0,3.0,4.0,8.0,8.0,5.0,7.0,7.0,2.0,6.0,6.0,8.0,6.0,8.0,4.0,8.0,6.0,8.0,8.0,8.0,8.0,8.0,7.0,3.0,,,,,,,,,,,,
Murvyn Aers,John Sandbox,4,4,4,3,5,2,1.0,1.0,4.0,7.0,2.0,3.0,5.0,4.0,3.0,3.0,3.0,2.0,6.0,7.0,4.0,7.0,8.0,4.0,6.0,5.0,6.0,8.0,6.0,8.0,5.0,4.0,6.0,6.0,6.0,8.0,7.0,7.0,8.0,6.0,7.0,8.0,8.0,6.0,6.0,5.0,8.0,8.0,,,,,,,,,,,,
Morley Battell,John Sandbox,5,1,3,2,4,3,5.0,1.0,5.0,2.0,3.0,3.0,1.0,6.0,2.0,3.0,2.0,1.0,8.0,8.0,6.0,4.0,4.0,7.0,8.0,5.0,6.0,7.0,1.0,7.0,8.0,5.0,8.0,5.0,5.0,4.0,8.0,5.0,8.0,8.0,8.0,8.0,7.0,8.0,6.0,3.0,8.0,6.0,,,,,,,,,,,,
Juliane Jacobssen,John Sandbox,5,6,1,5,2,4,5.0,3.0,5.0,8.0,1.0,3.0,4.0,1.0,1.0,1.0,2.0,4.0,3.0,7.0,6.0,6.0,8.0,2.0,3.0,4.0,1.0,3.0,6.0,5.0,6.0,6.0,6.0,6.0,6.0,5.0,6.0,8.0,4.0,4.0,8.0,8.0,6.0,8.0,8.0,6.0,8.0,2.0,,,,,,,,,,,,
Teirtza Docharty,John Sandbox,3,1,1,1,2,2,,,,,,,,,,,,,,,,,,,,,,,,,,,,,,,,,,,,,,,,,,,,,,,,,,,,,,
Arny Dobrowolny,John Sandbox,6,1,1,3,1,2,2.0,3.0,1.0,3.0,2.0,3.0,8.0,4.0,4.0,3.0,4.0,2.0,7.0,4.0,6.0,8.0,7.0,4.0,4.0,5.0,8.0,8.0,4.0,6.0,6.0,5.0,4.0,6.0,6.0,6.0,4.0,8.0,8.0,8.0,8.0,8.0,8.0,8.0,8.0,8.0,8.0,8.0,,,,,,,,,,,,
Derby Mcglashan,John Sandbox,5,1,3,4,1,2,2.0,7.0,2.0,2.0,3.0,2.0,2.0,6.0,4.0,1.0,4.0,5.0,5.0,6.0,8.0,4.0,7.0,4.0,8.0,8.0,8.0,3.0,3.0,6.0,2.0,5.0,8.0,6.0,8.0,8.0,8.0,8.0,6.0,8.0,8.0,8.0,8.0,4.0,8.0,8.0,8.0,8.0,,,,,,,,,,,,
Sharron Starling,John Sandbox,3,5,4,1,2,1,1.0,3.0,1.0,6.0,1.0,4.0,1.0,1.0,2.0,2.0,3.0,1.0,,,,,,,,,,,,,,,,,,,,,,,,,,,,,,,,,,,,,,,,,,
Amalea Harrell,John Sandbox,2,3,1,6,5,1,3.0,2.0,2.0,2.0,1.0,1.0,,,,,,,,,,,,,,,,,,,,,,,,,,,,,,,,,,,,,,,,,,,,,,,,
Finn Maasze,John Sandbox,5,3,5,3,2,2,1.0,1.0,3.0,1.0,1.0,5.0,7.0,3.0,3.0,1.0,2.0,2.0,8.0,7.0,5.0,6.0,4.0,7.0,4.0,6.0,6.0,5.0,6.0,7.0,3.0,3.0,7.0,4.0,3.0,8.0,8.0,8.0,7.0,8.0,4.0,8.0,8.0,7.0,3.0,8.0,8.0,7.0,,,,,,,,,,,,
Gianina Wandless,Trixie Orange,3,1,8,4,4,1,4.0,1.0,5.0,3.0,1.0,3.0,5.0,5.0,3.0,2.0,2.0,3.0,5.0,6.0,6.0,6.0,2.0,8.0,3.0,3.0,4.0,8.0,5.0,6.0,8.0,6.0,4.0,6.0,8.0,7.0,8.0,8.0,8.0,8.0,8.0,8.0,8.0,8.0,6.0,8.0,7.0,8.0,,,,,,,,,,,,
Kaitlyn Chagg,Trixie Orange,1,4,2,1,3,3,2.0,4.0,4.0,2.0,3.0,5.0,2.0,7.0,2.0,3.0,2.0,2.0,4.0,6.0,6.0,6.0,1.0,5.0,3.0,8.0,5.0,4.0,8.0,6.0,5.0,6.0,1.0,7.0,8.0,8.0,8.0,8.0,8.0,8.0,8.0,7.0,8.0,8.0,6.0,5.0,8.0,8.0,,,,,,,,,,,,
Scotti Bromfield,Trixie Orange,1,1,2,6,2,6,3.0,7.0,1.0,3.0,2.0,3.0,3.0,1.0,3.0,4.0,3.0,5.0,6.0,4.0,5.0,8.0,3.0,5.0,8.0,3.0,7.0,4.0,5.0,4.0,3.0,7.0,7.0,2.0,8.0,8.0,1.0,8.0,8.0,7.0,8.0,6.0,8.0,7.0,8.0,8.0,4.0,8.0,,,,,,,,,,,,
Genovera Mattek,Trixie Orange,3,3,3,1,5,2,2.0,7.0,1.0,2.0,8.0,1.0,3.0,2.0,2.0,3.0,1.0,4.0,7.0,6.0,5.0,3.0,5.0,6.0,4.0,8.0,2.0,4.0,5.0,8.0,8.0,7.0,4.0,6.0,1.0,5.0,8.0,5.0,8.0,8.0,8.0,8.0,6.0,6.0,4.0,6.0,8.0,8.0,,,,,,,,,,,,
Yorgos O'Rourke,Trixie Orange,1,6,3,5,2,5,1.0,3.0,4.0,3.0,3.0,5.0,1.0,4.0,5.0,4.0,4.0,1.0,8.0,6.0,7.0,8.0,6.0,4.0,8.0,7.0,6.0,8.0,6.0,7.0,6.0,5.0,1.0,2.0,5.0,5.0,8.0,8.0,8.0,8.0,8.0,8.0,6.0,8.0,8.0,8.0,8.0,8.0,,,,,,,,,,,,
